{"cameraMode":{"drawMode":0,"name":"Shaded","section":"Shading Mode"},"sceneLighting":false,"audioPlay":false,"sceneViewState":{"showFog":false,"showMaterialUpdate":false,"showSkybox":false,"showFlares":false,"showImageEffects":false,"showParticleSystems":false},"in2DMode":false,"pivot":{"x":0.443970263004303,"y":0.8589861392974854,"z":0.19447112083435059},"rotation":{"x":0.009406686760485173,"y":-0.9840004444122315,"z":0.05466817691922188,"w":0.16931359469890595},"size":2.4303171634674074,"orthographic":false}