{"cameraMode":{"drawMode":0,"name":"Shaded","section":"Shading Mode"},"sceneLighting":false,"audioPlay":false,"sceneViewState":{"showFog":false,"showMaterialUpdate":false,"showSkybox":false,"showFlares":false,"showImageEffects":false,"showParticleSystems":false},"in2DMode":false,"pivot":{"x":319.8387451171875,"y":479.8854675292969,"z":-0.0163496732711792},"rotation":{"x":0.2244987189769745,"y":0.0032924427650868894,"z":0.0011411887826398016,"w":0.9744684100151062},"size":1904.3409423828125,"orthographic":false}