{"cameraMode":{"drawMode":0,"name":"Shaded","section":"Shading Mode"},"sceneLighting":false,"audioPlay":false,"sceneViewState":{"showFog":false,"showMaterialUpdate":false,"showSkybox":false,"showFlares":false,"showImageEffects":false,"showParticleSystems":false},"in2DMode":false,"pivot":{"x":-23.433921813964845,"y":3.6997556686401369,"z":13.325597763061524},"rotation":{"x":0.03748089447617531,"y":0.5416709184646606,"z":-0.02197953499853611,"w":0.8394672870635986},"size":12.710338592529297,"orthographic":false}