{"cameraMode":{"drawMode":0,"name":"Shaded","section":"Shading Mode"},"sceneLighting":false,"audioPlay":false,"sceneViewState":{"showFog":false,"showMaterialUpdate":false,"showSkybox":false,"showFlares":false,"showImageEffects":false,"showParticleSystems":false},"in2DMode":false,"pivot":{"x":16.901195526123048,"y":3.5231242179870607,"z":-5.685181140899658},"rotation":{"x":0.03748089447617531,"y":0.5416709184646606,"z":-0.02197953499853611,"w":0.8394672870635986},"size":11.867962837219239,"orthographic":false}