{"cameraMode":{"drawMode":0,"name":"Shaded","section":"Shading Mode"},"sceneLighting":false,"audioPlay":false,"sceneViewState":{"showFog":false,"showMaterialUpdate":false,"showSkybox":false,"showFlares":false,"showImageEffects":false,"showParticleSystems":false},"in2DMode":false,"pivot":{"x":-1.4186954498291016,"y":0.8378305435180664,"z":63.09288787841797},"rotation":{"x":0.03748089447617531,"y":0.5416709184646606,"z":-0.02197953499853611,"w":0.8394672870635986},"size":21.196115493774415,"orthographic":false}