{"cameraMode":{"drawMode":0,"name":"Shaded","section":"Shading Mode"},"sceneLighting":false,"audioPlay":false,"sceneViewState":{"showFog":false,"showMaterialUpdate":false,"showSkybox":false,"showFlares":false,"showImageEffects":false,"showParticleSystems":false},"in2DMode":false,"pivot":{"x":1.5621285438537598,"y":3.5229880809783937,"z":62.449493408203128},"rotation":{"x":0.03748089447617531,"y":0.5416709184646606,"z":-0.02197953499853611,"w":0.8394672870635986},"size":7.803090572357178,"orthographic":false}