{"cameraMode":{"drawMode":0,"name":"Shaded","section":"Shading Mode"},"sceneLighting":false,"audioPlay":false,"sceneViewState":{"showFog":false,"showMaterialUpdate":false,"showSkybox":false,"showFlares":false,"showImageEffects":false,"showParticleSystems":false},"in2DMode":false,"pivot":{"x":4.383076190948486,"y":3.5161824226379396,"z":-20.821731567382814},"rotation":{"x":0.08549612015485764,"y":0.8063924908638,"z":-0.11701849102973938,"w":0.5733480453491211},"size":12.957891464233399,"orthographic":false}