{"cameraMode":{"drawMode":0,"name":"Shaded","section":"Shading Mode"},"sceneLighting":false,"audioPlay":false,"sceneViewState":{"showFog":false,"showMaterialUpdate":false,"showSkybox":false,"showFlares":false,"showImageEffects":false,"showParticleSystems":false},"in2DMode":false,"pivot":{"x":-0.12811005115509034,"y":-0.019301176071166993,"z":-0.39417243003845217},"rotation":{"x":-0.021571746096014978,"y":-0.9771737456321716,"z":0.1222907081246376,"w":-0.17237171530723573},"size":1.6280546188354493,"orthographic":false}