{"cameraMode":{"drawMode":0,"name":"Shaded","section":"Shading Mode"},"sceneLighting":false,"audioPlay":false,"sceneViewState":{"showFog":false,"showMaterialUpdate":false,"showSkybox":false,"showFlares":false,"showImageEffects":false,"showParticleSystems":false},"in2DMode":false,"pivot":{"x":-21.554460525512697,"y":1.5169713497161866,"z":-7.06106424331665},"rotation":{"x":0.11223095655441284,"y":0.8894485235214233,"z":-0.3039153814315796,"w":0.3223678767681122},"size":5.232285022735596,"orthographic":false}