{"cameraMode":{"drawMode":0,"name":"Shaded","section":"Shading Mode"},"sceneLighting":false,"audioPlay":false,"sceneViewState":{"showFog":false,"showMaterialUpdate":false,"showSkybox":false,"showFlares":false,"showImageEffects":false,"showParticleSystems":false},"in2DMode":false,"pivot":{"x":0.005310118198394775,"y":0.1778990775346756,"z":0.011947870254516602},"rotation":{"x":0.088393434882164,"y":0.13997232913970948,"z":-0.012546790763735772,"w":0.9861235022544861},"size":0.6176954507827759,"orthographic":true}