{"cameraMode":{"drawMode":0,"name":"Shaded","section":"Shading Mode"},"sceneLighting":false,"audioPlay":false,"sceneViewState":{"showFog":false,"showMaterialUpdate":false,"showSkybox":false,"showFlares":false,"showImageEffects":false,"showParticleSystems":false},"in2DMode":false,"pivot":{"x":9.135370254516602,"y":1.4807952642440797,"z":-55.168006896972659},"rotation":{"x":0.03669288381934166,"y":0.9267137050628662,"z":-0.08848913758993149,"w":0.3633520007133484},"size":8.677875518798829,"orthographic":false}