{"cameraMode":{"drawMode":0,"name":"Shaded","section":"Shading Mode"},"sceneLighting":false,"audioPlay":false,"sceneViewState":{"showFog":false,"showMaterialUpdate":false,"showSkybox":false,"showFlares":false,"showImageEffects":false,"showParticleSystems":false},"in2DMode":false,"pivot":{"x":3.4796295166015627,"y":2.124337911605835,"z":-0.08018684387207031},"rotation":{"x":-0.000055057145800674334,"y":0.9895699620246887,"z":-0.14343957602977754,"w":-0.01328499149531126},"size":8.10825252532959,"orthographic":false}