{"cameraMode":{"drawMode":0,"name":"Shaded","section":"Shading Mode"},"sceneLighting":false,"audioPlay":false,"sceneViewState":{"showFog":false,"showMaterialUpdate":false,"showSkybox":false,"showFlares":false,"showImageEffects":false,"showParticleSystems":false},"in2DMode":false,"pivot":{"x":-4.743859767913818,"y":2.173854351043701,"z":-45.81452941894531},"rotation":{"x":0.08549612015485764,"y":0.8063924908638,"z":-0.11701849102973938,"w":0.5733480453491211},"size":6.594929218292236,"orthographic":false}