{"cameraMode":{"drawMode":0,"name":"Shaded","section":"Shading Mode"},"sceneLighting":false,"audioPlay":false,"sceneViewState":{"showFog":false,"showMaterialUpdate":false,"showSkybox":false,"showFlares":false,"showImageEffects":false,"showParticleSystems":false},"in2DMode":false,"pivot":{"x":-0.8211590647697449,"y":0.22401010990142823,"z":0.27064430713653567},"rotation":{"x":0.088393434882164,"y":0.13997232913970948,"z":-0.012546790763735772,"w":0.9861235022544861},"size":2.283764362335205,"orthographic":false}