{"cameraMode":{"drawMode":0,"name":"Shaded","section":"Shading Mode"},"sceneLighting":false,"audioPlay":false,"sceneViewState":{"showFog":false,"showMaterialUpdate":false,"showSkybox":false,"showFlares":false,"showImageEffects":false,"showParticleSystems":false},"in2DMode":false,"pivot":{"x":-1.9006800651550294,"y":2.5799999237060549,"z":4.910923957824707},"rotation":{"x":0.08549612015485764,"y":0.8063924908638,"z":-0.11701849102973938,"w":0.5733480453491211},"size":10.310787200927735,"orthographic":false}