{"cameraMode":{"drawMode":0,"name":"Shaded","section":"Shading Mode"},"sceneLighting":false,"audioPlay":false,"sceneViewState":{"showFog":true,"showMaterialUpdate":true,"showSkybox":true,"showFlares":true,"showImageEffects":true,"showParticleSystems":true},"in2DMode":false,"pivot":{"x":0.44917136430740359,"y":0.1423017829656601,"z":-0.3646849989891052},"rotation":{"x":-0.009952343069016934,"y":0.5586422681808472,"z":-0.006704028230160475,"w":-0.8293219804763794},"size":0.1804347038269043,"orthographic":false}