{"cameraMode":{"drawMode":0,"name":"Shaded","section":"Shading Mode"},"sceneLighting":false,"audioPlay":false,"sceneViewState":{"showFog":false,"showMaterialUpdate":false,"showSkybox":false,"showFlares":false,"showImageEffects":false,"showParticleSystems":false},"in2DMode":false,"pivot":{"x":-59.501800537109378,"y":6.514626502990723,"z":-0.38979244232177737},"rotation":{"x":0.11223095655441284,"y":0.8894485235214233,"z":-0.3039153814315796,"w":0.3223678767681122},"size":14.9031982421875,"orthographic":false}