{"cameraMode":{"drawMode":0,"name":"Shaded","section":"Shading Mode"},"sceneLighting":false,"audioPlay":false,"sceneViewState":{"showFog":false,"showMaterialUpdate":false,"showSkybox":false,"showFlares":false,"showImageEffects":false,"showParticleSystems":false},"in2DMode":false,"pivot":{"x":0.03565788269042969,"y":21.97158432006836,"z":81.35783386230469},"rotation":{"x":0.03748089447617531,"y":0.5416709184646606,"z":-0.02197953499853611,"w":0.8394672870635986},"size":155.86253356933595,"orthographic":false}