{"cameraMode":{"drawMode":0,"name":"Shaded","section":"Shading Mode"},"sceneLighting":false,"audioPlay":false,"sceneViewState":{"showFog":false,"showMaterialUpdate":false,"showSkybox":false,"showFlares":false,"showImageEffects":false,"showParticleSystems":false},"in2DMode":false,"pivot":{"x":13.540020942687989,"y":1.2252311706542969,"z":-5.1511735916137699},"rotation":{"x":0.003186727873980999,"y":0.9985077381134033,"z":-0.04633515700697899,"w":0.028722967952489854},"size":8.511253356933594,"orthographic":false}