{"cameraMode":{"drawMode":0,"name":"Shaded","section":"Shading Mode"},"sceneLighting":false,"audioPlay":false,"sceneViewState":{"showFog":false,"showMaterialUpdate":false,"showSkybox":false,"showFlares":false,"showImageEffects":false,"showParticleSystems":false},"in2DMode":false,"pivot":{"x":-4.52965784072876,"y":2.3798179626464845,"z":-63.06996536254883},"rotation":{"x":0.08549612015485764,"y":0.8063924908638,"z":-0.11701849102973938,"w":0.5733480453491211},"size":22.858612060546876,"orthographic":false}