{"cameraMode":{"drawMode":0,"name":"Shaded","section":"Shading Mode"},"sceneLighting":false,"audioPlay":false,"sceneViewState":{"showFog":false,"showMaterialUpdate":false,"showSkybox":false,"showFlares":false,"showImageEffects":false,"showParticleSystems":false},"in2DMode":false,"pivot":{"x":-0.2007201910018921,"y":2.3365976810455324,"z":0.09910392761230469},"rotation":{"x":0.012051612138748169,"y":0.10328231006860733,"z":0.0006098103476688266,"w":0.9945791363716126},"size":11.463616371154786,"orthographic":false}